{"('0', '2', '0000')": [1.9999922005680602, 0, 1.9999999999999996, 0], "('0', '2', '0001')": [1.9999999999999996, 0, 0, -0.7], "('0', '2', '0010')": [1.9999999999999996, -2.2204460483900667e-16, -0.7, -2.2204421157967502e-16], "('0', '2', '0011')": [1.9998877351828281, 0, 0, 0], "('0', '2', '0100')": [1.9999999999999996, -0.99999995217031, 1.9999999999999996, -2.220446049250313e-16], "('0', '2', '0101')": [1.9997736366419945, 0, 1.8199860118181062, 0], "('0', '2', '0110')": [0, 0, 0, 0], "('0', '2', '0111')": [0, 0, 0, 0], "('0', '2', '1000')": [-0.7, -2.220446361315695e-16, 1.9999999999999996, 0], "('0', '2', '1001')": [0, 0, 0, 0], "('0', '2', '1010')": [0, 0, 0, 0], "('0', '2', '1011')": [0, 0, 0, 0], "('0', '2', '1100')": [0, 0, 0, 0], "('0', '2', '1101')": [0, 0, 0, 0], "('0', '2', '1110')": [0, 0, 0, 0], "('0', '2', '1111')": [0, 0, 0, 0], "('0', '3', '0000')": [1.9999999991563606, -2.220446049250313e-16, -2.220446049250313e-16, 1.9999999999999996], "('0', '3', '0001')": [1.9999999999999996, 0, -1.0076788292678885e-14, -0.7], "('0', '3', '0010')": [1.9999999999999996, -2.220446049280211e-16, -0.99999822853, 1.9999999999999996], "('0', '3', '0011')": [1.9999999999999996, 0, 0, 0], "('0', '3', '0100')": [1.9999999999999996, -0.9919, -2.220446049250313e-16, 1.9999999999999996], "('0', '3', '0101')": [0, 0, 0, 0], "('0', '3', '0110')": [1.9999999999999996, -0.7, -0.9099999999999999, 0], "('0', '3', '0111')": [0, 0, 0, 0], "('0', '3', '1000')": [-0.9099999999999999, -0.9999999999999998, -2.220446049250313e-16, 1.9999999999999996], "('0', '3', '1001')": [-0.7, 0, 0, 0], "('0', '3', '1010')": [0, 0, 0, 0], "('0', '3', '1011')": [0, 0, 0, 0], "('0', '3', '1100')": [-0.7, 0, 0, 0], "('0', '3', '1101')": [0, 0, 0, 0], "('0', '3', '1110')": [0, 0, 0, 0], "('0', '3', '1111')": [0, 0, 0, 0], "('0', 'NA', '0000')": [1.9999999999999996, -4.729824081105319e-14, 0, 0], "('0', 'NA', '0001')": [1.9999999999999996, 0, 0, 0], "('0', 'NA', '0010')": [1.9999999999999996, 0, 0, -2.2203003657850217e-16], "('0', 'NA', '0011')": [0, 0, 0, 0], "('0', 'NA', '0100')": [1.9999999999999996, -0.9919, -2.2024604362513856e-16, 0], "('0', 'NA', '0101')": [0, 0, 0, 0], "('0', 'NA', '0110')": [0, 0, 0, 0], "('0', 'NA', '0111')": [0, 0, 0, 0], "('0', 'NA', '1000')": [-0.7, 0, 0, 0], "('0', 'NA', '1001')": [0, 0, 0, 0], "('0', 'NA', '1010')": [0, 0, 0, 0], "('0', 'NA', '1011')": [0, 0, 0, 0], "('0', 'NA', '1100')": [0, 0, 0, 0], "('0', 'NA', '1101')": [0, 0, 0, 0], "('0', 'NA', '1110')": [0, 0, 0, 0], "('0', 'NA', '1111')": [0, 0, 0, 0], "('1', '2', '0000')": [-2.220446049250313e-16, 1.9999999999999996, 1.9999999999999996, -2.220446049250313e-16], "('1', '2', '0001')": [-1.161986851221778e-09, 1.9999999999999996, 0, 0], "('1', '2', '0010')": [-8.450483907411858e-05, 1.9999999999999996, -0.7, 0], "('1', '2', '0011')": [0, 0, 0, 0], "('1', '2', '0100')": [-2.220446049250313e-16, -0.973, 1.9999999999999996, 0], "('1', '2', '0101')": [0, 0, 1.8199999999999996, 0], "('1', '2', '0110')": [0, 0, 0, 0], "('1', '2', '0111')": [0, 0, 0, 0], "('1', '2', '1000')": [-0.999980317, 1.9999999999999996, 1.9999999999999996, -2.220446049250313e-16], "('1', '2', '1001')": [-0.7, 0, 0, 0], "('1', '2', '1010')": [0, 0, 0, 0], "('1', '2', '1011')": [0, 0, 0, 0], "('1', '2', '1100')": [0, 0, 0, 0], "('1', '2', '1101')": [0, 0, 0, 0], "('1', '2', '1110')": [0, 0, 0, 0], "('1', '2', '1111')": [0, 0, 0, 0], "('1', '3', '0000')": [-2.220446049250313e-16, 1.9999999999999996, -2.220446049250313e-16, 1.9999999999999996], "('1', '3', '0001')": [-2.220446049250313e-16, 1.9999999999999996, -3.5550225702444456e-05, 0], "('1', '3', '0010')": [-0.02618725115172682, 1.9999999999999996, 0, 1.9999999999999996], "('1', '3', '0011')": [-1.5397440093120802e-05, 1.9999999946148548, 0, 0], "('1', '3', '0100')": [-2.220446049250313e-16, -0.9099999999999999, -0.9999999999968618, 1.9999999999999996], "('1', '3', '0101')": [0, 0, 0, 0], "('1', '3', '0110')": [-0.9099999999999999, -0.7, 0, 1.9999964570599997], "('1', '3', '0111')": [0, 0, 0, 0], "('1', '3', '1000')": [-0.99999822853, 1.9999999999999996, -2.220446049250313e-16, 1.9999999999999996], "('1', '3', '1001')": [0, 0, 0, 0], "('1', '3', '1010')": [0, 0, 0, 1.9999999992251587], "('1', '3', '1011')": [0, 0, 0, 0], "('1', '3', '1100')": [-0.7, 0, 0, 0], "('1', '3', '1101')": [0, 0, 0, 0], "('1', '3', '1110')": [0, 0, 0, 0], "('1', '3', '1111')": [0, 0, 0, 0], "('1', 'NA', '0000')": [-2.220446049250313e-16, 1.9999999999999996, -2.220446049250313e-16, -2.220446049250313e-16], "('1', 'NA', '0001')": [-0.9919, 0, 0, 0], "('1', 'NA', '0010')": [-1.0, 1.9999999999999996, 0, 0], "('1', 'NA', '0011')": [0, 0, 0, 0], "('1', 'NA', '0100')": [-0.973, -0.7, -2.27127832577577e-16, 0], "('1', 'NA', '0101')": [0, 0, 0, 0], "('1', 'NA', '0110')": [0, 0, 0, 0], "('1', 'NA', '0111')": [0, 0, 0, 0], "('1', 'NA', '1000')": [-0.7, 1.9999999999999996, 0, 0], "('1', 'NA', '1001')": [0, 0, 0, 0], "('1', 'NA', '1010')": [0, 0, 0, 0], "('1', 'NA', '1011')": [0, 0, 0, 0], "('1', 'NA', '1100')": [0, 0, 0, 0], "('1', 'NA', '1101')": [0, 0, 0, 0], "('1', 'NA', '1110')": [0, 0, 0, 0], "('1', 'NA', '1111')": [0, 0, 0, 0], "('NA', '2', '0000')": [-2.220446049250313e-16, -2.2204460492504225e-16, 1.9999999999999996, -0.23276645807082397], "('NA', '2', '0001')": [-2.220446049250313e-16, -2.220446049250313e-16, 1.9999999999999996, -0.99993439], "('NA', '2', '0010')": [-2.220446049250313e-16, -2.2204421157967502e-16, -0.7, 0], "('NA', '2', '0011')": [0, 0, 0, 0], "('NA', '2', '0100')": [-0.973, -0.7, 1.9999999999999996, 0], "('NA', '2', '0101')": [-0.18900000000000017, 0, 0, 0], "('NA', '2', '0110')": [0, 0, 0, 0], "('NA', '2', '0111')": [0, 0, 0, 0], "('NA', '2', '1000')": [-0.9099999999999999, -2.220446049250313e-16, 1.9999999999999996, -0.9999999956953279], "('NA', '2', '1001')": [-0.7, 0, 0, 0], "('NA', '2', '1010')": [0, 0, 0, 0], "('NA', '2', '1011')": [0, 0, 0, 0], "('NA', '2', '1100')": [0, 0, 0, 0], "('NA', '2', '1101')": [0, 0, 0, 0], "('NA', '2', '1110')": [0, 0, 0, 0], "('NA', '2', '1111')": [0, 0, 0, 0], "('NA', '3', '0000')": [-2.220446049250313e-16, -2.220446049250313e-16, -8.235234581312067e-09, 1.9999999999987095], "('NA', '3', '0001')": [-0.2496438965135903, -2.2204506448478565e-16, -0.9199225, -0.7], "('NA', '3', '0010')": [-2.220446049250313e-16, -2.220446049250313e-16, -0.999271, 1.9999999999999996], "('NA', '3', '0011')": [0, 0, 0, 0], "('NA', '3', '0100')": [-3.757583367580065e-10, -0.7, -0.9829225, 1.9999999999999996], "('NA', '3', '0101')": [0, 0, 0, 0], "('NA', '3', '0110')": [0, 0, 0, 0], "('NA', '3', '0111')": [0, 0, 0, 0], "('NA', '3', '1000')": [-0.7, -2.220446049489612e-16, -1.0000000000000002, 1.9999999999999996], "('NA', '3', '1001')": [0, 0, 0, 0], "('NA', '3', '1010')": [0, 0, 0, 0], "('NA', '3', '1011')": [0, 0, 0, 0], "('NA', '3', '1100')": [-0.7, 0, 0, 0], "('NA', '3', '1101')": [0, 0, 0, 0], "('NA', '3', '1110')": [0, 0, 0, 0], "('NA', '3', '1111')": [0, 0, 0, 0], "('NA', 'NA', '0000')": [0, 0, 0, 0], "('NA', 'NA', '0001')": [0, 0, 0, 0], "('NA', 'NA', '0010')": [0, 0, 0, 0], "('NA', 'NA', '0011')": [0, 0, 0, 0], "('NA', 'NA', '0100')": [0, 0, 0, 0], "('NA', 'NA', '0101')": [0, 0, 0, 0], "('NA', 'NA', '0110')": [0, 0, 0, 0], "('NA', 'NA', '0111')": [0, 0, 0, 0], "('NA', 'NA', '1000')": [0, 0, 0, 0], "('NA', 'NA', '1001')": [0, 0, 0, 0], "('NA', 'NA', '1010')": [0, 0, 0, 0], "('NA', 'NA', '1011')": [0, 0, 0, 0], "('NA', 'NA', '1100')": [0, 0, 0, 0], "('NA', 'NA', '1101')": [0, 0, 0, 0], "('NA', 'NA', '1110')": [0, 0, 0, 0], "('NA', 'NA', '1111')": [0, 0, 0, 0]}